[
  {
    "_id": "66c72bba928d7e38e5ad97cd",
    "U_URl_ID": "9cb3e1aea12b",
    "UserAgentID": "854f57e3701e",
    "Title": "Personal loans offer financial flexibility without requiring collateral, unlike secured loans.",
    "Description": "Need quick cash? Apply for a personal loan online with CredManager and enjoy fast approval, low interest rates, and flexible repayment options. Get started today     ",
    "Keywords": [
      "     personal loans with low interest, personal loan with flexible repayment, and fast approval loan.     "
    ],
    "slug": "personal-loan",
    "Subject": "Personal Loans with Low Interest Rates & Fast Approva",
    "Featured_Image": "FeaturedImage-1724844745818.png",
    "Copyright": "Copyrights © Rising Advisory Services Private Limited.",
    "Robots": "index,follow",
    "Author": "credmanager",
    "Geo_Position": "40.746990, -73.980537",
    "Address": {
      "Address": "3rd Floor, Local Shopping Complex, 18 - A, Wing F, Ring Rd, above LIC Office, A Block, Naraina Vihar, New Delhi, Delhi 110028",
      "City": "Krishna guest House,...",
      "State": "Delhi",
      "Country": "India",
      "_id": "66cf0ac9e0b290f86e73e48f"
    },
    "Majestic_Site_Verification": "E7aEHvVQpWc8VHDqKvaB2Z58hek2EAv2HuLuegv7",
    "DMCA_Site_Verification": "E7aEHvVQpWc8VHDqKvaB2Z58hek2EAv2HuLuegv7",
    "Google_Site_Verification": "E7aEHvVQpWc8VHDqKvaB2Z58hek2EAv2HuLuegv7",
    "OG_Title": "Personal loans offer financial flexibility without requiring collateral, unlike secured loans.",
    "OG_Description": " Need quick cash? Apply for a personal loan online with CredManager and enjoy fast approval, low interest rates, and flexible repayment options. Get started today",
    "Domain": "https://credmanager.in/personal-loan",
    "Summary_Large_Image": "summary_large_image",
    "Page_Name": "personal loan",
    "Visibility": "Public",
    "Visibility_Date": "2024-08-28T11:31:00.000Z",
    "Pages": [
      "Personal Loan"
    ],
    "isActive": true,
    "createdAt": "2024-08-22T12:14:50.912Z",
    "updatedAt": "2024-08-28T11:32:25.823Z",
    "__v": 0
  },
  {
    "_id": "66c81263928d7e38e5ad97f1",
    "U_URl_ID": "57a24d6cd505",
    "UserAgentID": "396ae5ae46d8",
    "Title": "Home Loans | Easy & Quick Loan Approval | CredManager",
    "Description": " Are you looking for a home loan ? CredManager offers fast and easy approval for home loans with competitive interest rates and flexible terms. Get expert assistance and find the best loan options tailored to your needs.\r\n  ",
    "Keywords": [
      "   home loan approval, quick loan approval, fast approval home loans.  "
    ],
    "slug": "home-loan",
    "Subject": "Upgrade your home with our affordable home improvement loans",
    "Featured_Image": "FeaturedImage-1725276436881.png",
    "Copyright": "Upgrade your home with our affordable home improvement loans",
    "Robots": "index,follow",
    "Author": "credmanager",
    "Geo_Position": "Upgrade your home with our affordable home improvement loans",
    "Address": {
      "Address": "Upgrade your home with our affordable home improvement loans",
      "City": "Delhi",
      "State": "Delhi",
      "Country": "India",
      "_id": "66d5a11435f4925d0d68939b"
    },
    "Majestic_Site_Verification": "E7aEHvVQpWc8VHDqKvaB2Z58hek2EAv2HuLuegv7",
    "DMCA_Site_Verification": "E7aEHvVQpWc8VHDqKvaB2Z58hek2EAv2HuLuegv7",
    "Google_Site_Verification": "E7aEHvVQpWc8VHDqKvaB2Z58hek2EAv2HuLuegv7",
    "OG_Title": "Home Loans | Easy & Quick Loan Approval | CredManager",
    "OG_Description": " Are you looking for a home loan ? CredManager offers fast and easy approval for home loans with competitive interest rates and flexible terms.",
    "Domain": "https://www.credmanager.in/home-loan",
    "Summary_Large_Image": "summary_large_image",
    "Page_Name": "home-loan",
    "Visibility": "Public",
    "Visibility_Date": "2024-09-02T11:26:00.000Z",
    "Pages": [
      "Home Loan"
    ],
    "isActive": true,
    "createdAt": "2024-08-23T04:38:59.927Z",
    "updatedAt": "2024-09-02T11:27:16.886Z",
    "__v": 0
  },
  {
    "_id": "66c8183f928d7e38e5ad981f",
    "U_URl_ID": "31511072421e",
    "UserAgentID": "93dedcd076c3",
    "Title": "Get the Best Car Loan Deals - Quick Approval & Low Interest Rates",
    "Description": " Discover affordable car loan options with low rates and quick approval. Compare the best auto financing offers and find the perfect loan for your next vehicle.    ",
    "Keywords": [
      "    quick approval car loan, low rates car loans, apply online, auto finance   "
    ],
    "slug": "car-loan",
    "Subject": "Affordable Car Loans with Low Interest Rates",
    "Featured_Image": "FeaturedImage-1725276477157.png",
    "Copyright": "Copyrights © Rising Advisory Services Private Limited.",
    "Robots": "index,follow",
    "Author": "credmanager",
    "Geo_Position": "28.624143004160466, 77.13601964072026",
    "Address": {
      "Address": "3rd Floor, Local Shopping Complex, 18 - A, Wing F, Ring Rd, above LIC Office, A Block, Naraina Vihar, New Delhi, Delhi 110028",
      "City": "Delhi",
      "State": "Delhi",
      "Country": "India",
      "_id": "66d5a13d35f4925d0d6893a6"
    },
    "Majestic_Site_Verification": "E7aEHvVQpWc8VHDqKvaB2Z58hek2EAv2HuLuegv7",
    "DMCA_Site_Verification": "E7aEHvVQpWc8VHDqKvaB2Z58hek2EAv2HuLuegv7",
    "Google_Site_Verification": "E7aEHvVQpWc8VHDqKvaB2Z58hek2EAv2HuLuegv7",
    "OG_Title": "Get the Best Car Loan Deals - Quick Approval & Low Interest Rates | credmanager",
    "OG_Description": " Discover affordable car loan options with low rates and quick approval. Compare the best auto financing offers and find the perfect loan for your next vehicle. Apply now",
    "Domain": "https://www.credmanager.in/car-loan",
    "Summary_Large_Image": "summary_large_image",
    "Page_Name": "car-loan",
    "Visibility": "Public",
    "Visibility_Date": "2024-09-02T11:27:00.000Z",
    "Pages": [
      "Car Loan"
    ],
    "isActive": true,
    "createdAt": "2024-08-23T05:03:59.539Z",
    "updatedAt": "2024-09-02T11:27:57.162Z",
    "__v": 0
  },
  {
    "_id": "66c81c8a928d7e38e5ad983d",
    "U_URl_ID": "3d897dc400e5",
    "UserAgentID": "984a1a4a5126",
    "Title": "Best education Loan Offers | Low Interest & Quick Approval",
    "Description": " Get the best deals on education loans with competitive rates and hassle-free application. Fast approval and flexible terms to help you finance your education effectively.   ",
    "Keywords": [
      "    education loan in low interest rate , quick approval- loan education , Best Student Loan Offers    "
    ],
    "slug": "education-loan",
    "Subject": "Affordable Education Loans for Your Future",
    "Featured_Image": "FeaturedImage-1725276502586.png",
    "Copyright": "Copyrights © Rising Advisory Services Private Limited.",
    "Robots": "index,follow",
    "Author": "credmanager",
    "Geo_Position": "28.624143004160466, 77.13601964072026",
    "Address": {
      "Address": "3rd Floor, Local Shopping Complex, 18 - A, Wing F, Ring Rd, above LIC Office, A Block, Naraina Vihar, New Delhi, Delhi 110028",
      "City": "Delhi",
      "State": "Delhi",
      "Country": "India",
      "_id": "66d5a15635f4925d0d6893b1"
    },
    "Majestic_Site_Verification": "E7aEHvVQpWc8VHDqKvaB2Z58hek2EAv2HuLuegv7",
    "DMCA_Site_Verification": "E7aEHvVQpWc8VHDqKvaB2Z58hek2EAv2HuLuegv7",
    "Google_Site_Verification": "E7aEHvVQpWc8VHDqKvaB2Z58hek2EAv2HuLuegv7",
    "OG_Title": "Secure Your Education Loan | Low Rates & Flexible Terms Available.",
    "OG_Description": " Get the best deals on education loans with competitive rates and hassle-free application. Fast approval and flexible terms to help you finance your education effectively.",
    "Domain": "https://credmanager.in/education-loan",
    "Summary_Large_Image": "summary_large_image",
    "Page_Name": "education-loan",
    "Visibility": "Public",
    "Visibility_Date": "2024-09-02T11:28:00.000Z",
    "Pages": [
      "Education Loan"
    ],
    "isActive": true,
    "createdAt": "2024-08-23T05:22:18.547Z",
    "updatedAt": "2024-09-02T11:28:22.592Z",
    "__v": 0
  },
  {
    "_id": "66c823ae928d7e38e5ad985f",
    "U_URl_ID": "0f1cad09da27",
    "UserAgentID": "aaee9c790d04",
    "Title": "Secure Your Gold Loan Today | Low Rates & Easy Application",
    "Description": " Discover top gold loan offers with competitive rates and fast approval. Secure a loan against your gold with flexible terms and an easy application process. \r\n\r\n ",
    "Keywords": [
      "   Instant gold loan, Gold loan online, Low-interest gold loan ,Gold loan near me"
    ],
    "slug": "Gold-loan",
    "Subject": "Get Cash in Hand with Our Easy Gold Loan Process",
    "Featured_Image": "FeaturedImage-1724846643144.png",
    "Copyright": "Copyrights © Rising Advisory Services Private Limited.",
    "Robots": "index,follow",
    "Author": "credmanager",
    "Geo_Position": "28.624143004160466, 77.13601964072026",
    "Address": {
      "Address": "3rd Floor, Local Shopping Complex, 18 - A, Wing F, Ring Rd, above LIC Office, A Block, Naraina Vihar, New Delhi, Delhi 110028",
      "City": "Delhi",
      "State": "Delhi",
      "Country": "India",
      "_id": "66cf1233e0b290f86e73e4c5"
    },
    "Majestic_Site_Verification": "E7aEHvVQpWc8VHDqKvaB2Z58hek2EAv2HuLuegv7",
    "DMCA_Site_Verification": "E7aEHvVQpWc8VHDqKvaB2Z58hek2EAv2HuLuegv7",
    "Google_Site_Verification": "E7aEHvVQpWc8VHDqKvaB2Z58hek2EAv2HuLuegv7",
    "OG_Title": "Secure Your Gold Loan Today | Low Rates & Easy Application",
    "OG_Description": " Discover top gold loan offers with competitive rates and fast approval. Secure a loan against your gold with flexible terms and an easy application process. Get your cash today!\"\r\n\r\n",
    "Domain": "https://www.credmanager.in/Gold-loan",
    "Summary_Large_Image": "summary_large_image",
    "Page_Name": "Gold-loan",
    "Visibility": "Public",
    "Visibility_Date": "2024-08-28T11:58:00.000Z",
    "Pages": [
      "Gold-loan"
    ],
    "isActive": true,
    "createdAt": "2024-08-23T05:52:46.672Z",
    "updatedAt": "2024-08-28T12:04:03.150Z",
    "__v": 0
  },
  {
    "_id": "66c82dc5928d7e38e5ad988b",
    "U_URl_ID": "1cee3b3e47de",
    "UserAgentID": "333bf74378a7",
    "Title": "Maximize Your Property’s Potential with a Loan Against Property",
    "Description": " Need a loan against your property? Compare affordable options with low interest rates and fast approval—an easy online application with flexible repayment plans. \r\n\r\n  ",
    "Keywords": [
      "   flexible financing, Home Equity Loan ,Property Financing Options\r\n  "
    ],
    "slug": "loan-against-property",
    "Subject": "Maximize Your Property’s Potential with a Loan Against Property",
    "Featured_Image": "FeaturedImage-1725276521499.png",
    "Copyright": "Copyrights © Rising Advisory Services Private Limited.",
    "Robots": "index,follow",
    "Author": "credmanager",
    "Geo_Position": "28.624143004160466, 77.13601964072026",
    "Address": {
      "Address": "3rd Floor, Local Shopping Complex, 18 - A, Wing F, Ring Rd, above LIC Office, A Block, Naraina Vihar, New Delhi, Delhi 110028",
      "City": "Delhi",
      "State": "Delhi",
      "Country": "India",
      "_id": "66d5a16935f4925d0d6893bc"
    },
    "Majestic_Site_Verification": "E7aEHvVQpWc8VHDqKvaB2Z58hek2EAv2HuLuegv7",
    "DMCA_Site_Verification": "E7aEHvVQpWc8VHDqKvaB2Z58hek2EAv2HuLuegv7",
    "Google_Site_Verification": "E7aEHvVQpWc8VHDqKvaB2Z58hek2EAv2HuLuegv7",
    "OG_Title": "Maximize Your Property’s Potential with a Loan Against Property",
    "OG_Description": " Need a loan against your property? Compare affordable options with low interest rates and fast approval. Easy online application with flexible repayment plans. Get started now!\r\n\r\n",
    "Domain": "https://credmanager.in/loan-against-property",
    "Summary_Large_Image": "summary_large_image",
    "Page_Name": "loan-against-property",
    "Visibility": "Public",
    "Visibility_Date": "2024-09-02T11:28:00.000Z",
    "Pages": [
      "Loan Against Property"
    ],
    "isActive": true,
    "createdAt": "2024-08-23T06:35:49.486Z",
    "updatedAt": "2024-09-02T11:28:41.510Z",
    "__v": 0
  },
  {
    "_id": "66c83271928d7e38e5ad98a0",
    "U_URl_ID": "095c53a3ddf3",
    "UserAgentID": "a321e5e67c8f",
    "Title": "Affordable Business Loans Tailored to Your Needs",
    "Description": " Explore affordable business loan options tailored to your business needs. Quick approval process with low interest rates.   ",
    "Keywords": [
      "    small business loan, affordable business loan, business loan application   "
    ],
    "slug": "business-loan",
    "Subject": "Flexible Business Loans - Empower Your Business Growth",
    "Featured_Image": "FeaturedImage-1725276571609.png",
    "Copyright": "Copyrights © Rising Advisory Services Private Limited.",
    "Robots": "index,follow",
    "Author": "credmanager",
    "Geo_Position": "28.624143004160466, 77.13601964072026",
    "Address": {
      "Address": "3rd Floor, Local Shopping Complex, 18 - A, Wing F, Ring Rd, above LIC Office, A Block, Naraina Vihar, New Delhi, Delhi 110028",
      "City": "Delhi",
      "State": "Delhi",
      "Country": "India",
      "_id": "66d5a19b35f4925d0d6893c7"
    },
    "Majestic_Site_Verification": "E7aEHvVQpWc8VHDqKvaB2Z58hek2EAv2HuLuegv7",
    "DMCA_Site_Verification": "E7aEHvVQpWc8VHDqKvaB2Z58hek2EAv2HuLuegv7",
    "Google_Site_Verification": "E7aEHvVQpWc8VHDqKvaB2Z58hek2EAv2HuLuegv7",
    "OG_Title": "Affordable Business Loans Tailored to Your Needs",
    "OG_Description": " Explore affordable business loan options tailored to your business needs. Quick approval process with low-interest rates.\r\n",
    "Domain": "https://credmanager.in/business-loan",
    "Summary_Large_Image": "summary_large_image",
    "Page_Name": "business-loan",
    "Visibility": "Public",
    "Visibility_Date": "2024-09-02T11:29:00.000Z",
    "Pages": [
      "Business Loan"
    ],
    "isActive": true,
    "createdAt": "2024-08-23T06:55:45.618Z",
    "updatedAt": "2024-09-02T11:29:31.613Z",
    "__v": 0
  },
  {
    "_id": "66c8397a928d7e38e5ad98b5",
    "U_URl_ID": "fe5b1e9a798b",
    "UserAgentID": "a2df05399312",
    "Title": "CredManager Business Loan Against Property | Quick & Flexible Funding",
    "Description": " CredManager provides seamless business loans against property to help you grow. Leverage your assets for the funding you need with transparent terms and expert guidance.\r\n  ",
    "Keywords": [
      "  Business loan against property , Loan against property for business , Low-interest business loans against property, business loan   "
    ],
    "slug": "business-loan-against-property",
    "Subject": "Turn Property into Capital: Flexible Business Loan Solution",
    "Featured_Image": "FeaturedImage-1725276593535.png",
    "Copyright": "Copyrights © Rising Advisory Services Private Limited.",
    "Robots": "index,follow",
    "Author": "credmanager",
    "Geo_Position": "28.624143004160466, 77.13601964072026",
    "Address": {
      "Address": "3rd Floor, Local Shopping Complex, 18 - A, Wing F, Ring Rd, above LIC Office, A Block, Naraina Vihar, New Delhi, Delhi 110028",
      "City": "Delhi",
      "State": "Delhi",
      "Country": "India",
      "_id": "66d5a1b135f4925d0d6893d2"
    },
    "Majestic_Site_Verification": "E7aEHvVQpWc8VHDqKvaB2Z58hek2EAv2HuLuegv7",
    "DMCA_Site_Verification": "E7aEHvVQpWc8VHDqKvaB2Z58hek2EAv2HuLuegv7",
    "Google_Site_Verification": "E7aEHvVQpWc8VHDqKvaB2Z58hek2EAv2HuLuegv7",
    "OG_Title": "Expand Your Business: Apply for a Loan Against Your Property",
    "OG_Description": " CredManager provides seamless business loans against property to help you grow. Leverage your assets for the funding you need with transparent terms and expert guidance.\r\n",
    "Domain": "https://credmanager.in/business-loan-against-property",
    "Summary_Large_Image": "summary_large_image",
    "Page_Name": "business-loan-against-property",
    "Visibility": "Public",
    "Visibility_Date": "2024-09-02T11:29:00.000Z",
    "Pages": [
      "Business Loan Against Property"
    ],
    "isActive": true,
    "createdAt": "2024-08-23T07:25:46.673Z",
    "updatedAt": "2024-09-02T11:29:53.540Z",
    "__v": 0
  },
  {
    "_id": "66c854b1928d7e38e5ad98cd",
    "U_URl_ID": "460f72da3b08",
    "UserAgentID": "c85bd4fd0859",
    "Title": "startup Loans to Kickstart Your Business",
    "Description": " Secure fast and flexible startup loans to fund your new business. Enjoy low-interest rates, quick approvals, and minimal paperwork.   ",
    "Keywords": [
      "  Quick startup loans, Loans for startups , Startup funding solutions, startup loans.  "
    ],
    "slug": "startup-loan",
    "Subject": "startup Loans to Kickstart Your Business",
    "Featured_Image": "FeaturedImage-1725276616711.png",
    "Copyright": "Copyrights © Rising Advisory Services Private Limited.",
    "Robots": "index,follow",
    "Author": "credmanager",
    "Geo_Position": "28.624143004160466, 77.13601964072026",
    "Address": {
      "Address": "3rd Floor, Local Shopping Complex, 18 - A, Wing F, Ring Rd, above LIC Office, A Block, Naraina Vihar, New Delhi, Delhi 110028",
      "City": "Delhi",
      "State": "Delhi",
      "Country": "India",
      "_id": "66d5a1c835f4925d0d6893dd"
    },
    "Majestic_Site_Verification": "E7aEHvVQpWc8VHDqKvaB2Z58hek2EAv2HuLuegv7",
    "DMCA_Site_Verification": "E7aEHvVQpWc8VHDqKvaB2Z58hek2EAv2HuLuegv7",
    "Google_Site_Verification": "E7aEHvVQpWc8VHDqKvaB2Z58hek2EAv2HuLuegv7",
    "OG_Title": "Startup Funding Made Simple | Low-Interest Loans for New Businesses",
    "OG_Description": " Secure fast and flexible startup loans to fund your new business. Enjoy low-interest rates, quick approvals, and minimal paperwork. Start your entrepreneurial journey today!",
    "Domain": "https://credmanager.in/startup-loan",
    "Summary_Large_Image": "summary_large_image",
    "Page_Name": "startup-loan",
    "Visibility": "Public",
    "Visibility_Date": "2024-09-02T11:30:00.000Z",
    "Pages": [
      "Startup Loan"
    ],
    "isActive": true,
    "createdAt": "2024-08-23T09:21:53.737Z",
    "updatedAt": "2024-09-02T11:30:16.716Z",
    "__v": 0
  },
  {
    "_id": "66c85eb0928d7e38e5ad98ee",
    "U_URl_ID": "342c4d80a1d0",
    "UserAgentID": "02488f6c11d2",
    "Title": "CredManager Overdraft | Easy Access to Additional Capital",
    "Description": "  Our overdraft services offer quick approval and easy access to funds when you need them most. Manage your cash flow with ease.\r\n  ",
    "Keywords": [
      "   Overdraft services, Flexible overdraft facilities, Easy overdraft application.  "
    ],
    "slug": "overdraft",
    "Subject": "CredManager Overdraft | Easy Access to Additional Capital",
    "Featured_Image": "FeaturedImage-1725276634731.png",
    "Copyright": "Copyrights © Rising Advisory Services Private Limited.",
    "Robots": "index,follow",
    "Author": "credmanager",
    "Geo_Position": "28.624143004160466, 77.13601964072026",
    "Address": {
      "Address": "3rd Floor, Local Shopping Complex, 18 - A, Wing F, Ring Rd, above LIC Office, A Block, Naraina Vihar, New Delhi, Delhi 110028",
      "City": "Delhi",
      "State": "Delhi",
      "Country": "",
      "_id": "66d5a1da35f4925d0d6893ea"
    },
    "Majestic_Site_Verification": "E7aEHvVQpWc8VHDqKvaB2Z58hek2EAv2HuLuegv7",
    "DMCA_Site_Verification": "E7aEHvVQpWc8VHDqKvaB2Z58hek2EAv2HuLuegv7",
    "Google_Site_Verification": "E7aEHvVQpWc8VHDqKvaB2Z58hek2EAv2HuLuegv7",
    "OG_Title": "CredManager Overdraft | Easy Access to Additional Capital",
    "OG_Description": "   Our overdraft services offer quick approval and easy access to funds when you need them most. Manage your cash flow with ease.\r\n",
    "Domain": "https://credmanager.in/overdraft",
    "Summary_Large_Image": "summary_large_image",
    "Page_Name": "overdraft",
    "Visibility": "Public",
    "Visibility_Date": "2024-09-02T11:30:00.000Z",
    "Pages": [
      "Overdraft"
    ],
    "isActive": true,
    "createdAt": "2024-08-23T10:04:32.308Z",
    "updatedAt": "2024-09-02T11:30:34.734Z",
    "__v": 0
  },
  {
    "_id": "66c862db928d7e38e5ad9903",
    "U_URl_ID": "04e3ce753737",
    "UserAgentID": "6b33817f2b7e",
    "Title": " CredManager offers cash credit |Boost Your Business with Quick Financing.",
    "Description": " CredManager offers cash credit to businesses, providing a flexible loan that can be used for various operational purposes.   ",
    "Keywords": [
      "   Business cash credit ,Flexible cash credit services , Easy cash credit approval  "
    ],
    "slug": "cash-credit",
    "Subject": "  Business cash credit ,Flexible cash credit services , Easy cash credit approval ",
    "Featured_Image": "FeaturedImage-1725276651518.png",
    "Copyright": "Copyrights © Rising Advisory Services Private Limited.",
    "Robots": "index,follow",
    "Author": "credmanager",
    "Geo_Position": "28.624143004160466, 77.13601964072026",
    "Address": {
      "Address": "3rd Floor, Local Shopping Complex, 18 - A, Wing F, Ring Rd, above LIC Office, A Block, Naraina Vihar, New Delhi, Delhi 110028",
      "City": "Delhi",
      "State": "Delhi",
      "Country": "India",
      "_id": "66d5a1eb35f4925d0d6893f5"
    },
    "Majestic_Site_Verification": "E7aEHvVQpWc8VHDqKvaB2Z58hek2EAv2HuLuegv7",
    "DMCA_Site_Verification": "E7aEHvVQpWc8VHDqKvaB2Z58hek2EAv2HuLuegv7",
    "Google_Site_Verification": "E7aEHvVQpWc8VHDqKvaB2Z58hek2EAv2HuLuegv7",
    "OG_Title": " CredManager offers cash credit |Boost Your Business with Quick Financing.",
    "OG_Description": "  CredManager offers cash credit to businesses, providing a flexible loan that can be used for various operational purposes. ",
    "Domain": "https://credmanager.in/cash-credit",
    "Summary_Large_Image": "summary_large_image",
    "Page_Name": "cash-credit",
    "Visibility": "Public",
    "Visibility_Date": "2024-09-02T11:30:00.000Z",
    "Pages": [
      "Cash Credit"
    ],
    "isActive": true,
    "createdAt": "2024-08-23T10:22:19.448Z",
    "updatedAt": "2024-09-02T11:30:51.522Z",
    "__v": 0
  },
  {
    "_id": "66c86a13928d7e38e5ad9919",
    "U_URl_ID": "38691a29c27e",
    "UserAgentID": "3b01df90e184",
    "Title": "Flexible SME loan solutions",
    "Description": " Secure the funding you need for your SME with CredManager. Our loans provide quick access to capital, flexible terms, and competitive interest rates to support your business growth.\r\n  ",
    "Keywords": [
      "   SME loans , Business loans for SMEs, SME loan application  "
    ],
    "slug": "sme-loan",
    "Subject": "SME Loan Offers: Fuel Your Business Growth Today",
    "Featured_Image": "FeaturedImage-1725276708842.png",
    "Copyright": "Copyrights © Rising Advisory Services Private Limited.",
    "Robots": "index,follow",
    "Author": "credmanager",
    "Geo_Position": "28.624143004160466, 77.13601964072026",
    "Address": {
      "Address": "3rd Floor, Local Shopping Complex, 18 - A, Wing F, Ring Rd, above LIC Office, A Block, Naraina Vihar, New Delhi, Delhi 110028",
      "City": "Delhi",
      "State": "Delhi",
      "Country": "India",
      "_id": "66d5a22435f4925d0d689412"
    },
    "Majestic_Site_Verification": "E7aEHvVQpWc8VHDqKvaB2Z58hek2EAv2HuLuegv7",
    "DMCA_Site_Verification": "E7aEHvVQpWc8VHDqKvaB2Z58hek2EAv2HuLuegv7",
    "Google_Site_Verification": "E7aEHvVQpWc8VHDqKvaB2Z58hek2EAv2HuLuegv7",
    "OG_Title": "Flexible SME loan solutions",
    "OG_Description": "    Secure the funding you need for your SME with CredManager. Our loans provide quick access to capital, flexible terms, and competitive interest rates to support your business growth.\r\n",
    "Domain": "https://credmanager.in/sme-loan",
    "Summary_Large_Image": "summary_large_image",
    "Page_Name": "sme-loan",
    "Visibility": "Public",
    "Visibility_Date": "2024-09-02T11:31:00.000Z",
    "Pages": [
      "SME Loan"
    ],
    "isActive": true,
    "createdAt": "2024-08-23T10:53:07.706Z",
    "updatedAt": "2024-09-02T11:31:48.847Z",
    "__v": 0
  },
  {
    "_id": "66c9652d928d7e38e5ad9964",
    "U_URl_ID": "15e35a593015",
    "UserAgentID": "921f18f50f03",
    "Title": "EMI Calculator - Calculate Your Loan EMIs Instantly | CredManager",
    "Description": " Use CredManager's EMI Calculator to easily calculate your monthly loan payments. Plan your finances better with our accurate and easy-to-use EMI calculation tool  ",
    "Keywords": [
      "   EMI Calculation Tool , Loan Payment Calculator , EMI Calculator, Loan EMI Calculator  "
    ],
    "slug": "emi-calculator",
    "Subject": " Plan your finances better with our accurate and easy-to-use EMI calculation tool ",
    "Featured_Image": "FeaturedImage-1725276774048.png",
    "Copyright": "Copyrights © Rising Advisory Services Private Limited.",
    "Robots": "index,follow",
    "Author": "credmanager",
    "Geo_Position": "28.624143004160466, 77.13601964072026",
    "Address": {
      "Address": "3rd Floor, Local Shopping Complex, 18 - A, Wing F, Ring Rd, above LIC Office, A Block, Naraina Vihar, New Delhi, Delhi 110028",
      "City": "Delhi",
      "State": "Delhi",
      "Country": "India",
      "_id": "66d5a26635f4925d0d68942d"
    },
    "Majestic_Site_Verification": "E7aEHvVQpWc8VHDqKvaB2Z58hek2EAv2HuLuegv7",
    "DMCA_Site_Verification": "E7aEHvVQpWc8VHDqKvaB2Z58hek2EAv2HuLuegv7",
    "Google_Site_Verification": "E7aEHvVQpWc8VHDqKvaB2Z58hek2EAv2HuLuegv7",
    "OG_Title": "EMI Calculator - Calculate Your Loan EMIs Instantly | CredManager",
    "OG_Description": "  Use CredManager's EMI Calculator to easily calculate your monthly loan payments. Plan your finances better with our accurate and easy-to-use EMI calculation tool",
    "Domain": "https://credmanager.in/emi-calculator",
    "Summary_Large_Image": "summary_large_image",
    "Page_Name": "emi-calculator",
    "Visibility": "Public",
    "Visibility_Date": "2024-09-02T11:32:00.000Z",
    "Pages": [
      "EMI Calculator"
    ],
    "isActive": true,
    "createdAt": "2024-08-24T04:44:29.232Z",
    "updatedAt": "2024-09-02T11:32:54.054Z",
    "__v": 0
  },
  {
    "_id": "66c968d9928d7e38e5ad9976",
    "U_URl_ID": "53a1475d4d48",
    "UserAgentID": "1bef97d4098e",
    "Title": "Home Loan Calculator - Calculate Your Home Loan EMIs Instantly | CredManager",
    "Description": "Calculate your home loan EMIs with CredManager's Home Loan Calculator. Get accurate monthly payment estimates and plan your dream home purchase with ease.  ",
    "Keywords": [
      "   Home Loan EMI Calculator , Housing Loan Calculator , Home Loan Estimate ,Home Loan Planning  "
    ],
    "slug": "home-loan-calculator",
    "Subject": "Calculate your home loan EMIs with CredManager's Home Loan Calculator",
    "Featured_Image": "FeaturedImage-1725276798649.png",
    "Copyright": "Copyrights © Rising Advisory Services Private Limited.",
    "Robots": "index,follow",
    "Author": "credmanager",
    "Geo_Position": "28.624143004160466, 77.13601964072026",
    "Address": {
      "Address": "3rd Floor, Local Shopping Complex, 18 - A, Wing F, Ring Rd, above LIC Office, A Block, Naraina Vihar, New Delhi, Delhi 110028",
      "City": "Delhi",
      "State": "Delhi",
      "Country": "India",
      "_id": "66d5a27e35f4925d0d689438"
    },
    "Majestic_Site_Verification": "E7aEHvVQpWc8VHDqKvaB2Z58hek2EAv2HuLuegv7",
    "DMCA_Site_Verification": "E7aEHvVQpWc8VHDqKvaB2Z58hek2EAv2HuLuegv7",
    "Google_Site_Verification": "E7aEHvVQpWc8VHDqKvaB2Z58hek2EAv2HuLuegv7",
    "OG_Title": "Home Loan Calculator - Calculate Your Home Loan EMIs Instantly | CredManager",
    "OG_Description": " Calculate your home loan EMIs with CredManager's Home Loan Calculator. Get accurate monthly payment estimates and plan your dream home purchase with ease.",
    "Domain": "https://credmanager.in/home-loan-calculator",
    "Summary_Large_Image": "summary_large_image",
    "Page_Name": "home-loan-calculator",
    "Visibility": "Public",
    "Visibility_Date": "2024-09-02T11:32:00.000Z",
    "Pages": [
      "Home Loan Calculator"
    ],
    "isActive": true,
    "createdAt": "2024-08-24T05:00:09.493Z",
    "updatedAt": "2024-09-02T11:33:18.655Z",
    "__v": 0
  },
  {
    "_id": "66c96a62928d7e38e5ad9982",
    "U_URl_ID": "cc5ad3445bde",
    "UserAgentID": "7eaebdc6d522",
    "Title": "Personal Loan Calculator - Estimate Your Loan EMIs | CredManager",
    "Description": " Quickly estimate your monthly payments with CredManager's Personal Loan Calculator. Get accurate EMI calculations for personal loans and plan your finances with ease.  ",
    "Keywords": [
      "   Calculate Personal Loan Payments , Personal Loan EMI Estimator , Personal Loan Planning Tool , Personal Loan Calculator  "
    ],
    "slug": "personal-loan-calculator",
    "Subject": "Quickly estimate your monthly payments with CredManager's  Personal Loan EMI Estimator ",
    "Featured_Image": "FeaturedImage-1725276825218.png",
    "Copyright": "Copyrights © Rising Advisory Services Private Limited.",
    "Robots": "index,follow",
    "Author": "credmanager",
    "Geo_Position": "28.624143004160466, 77.13601964072026",
    "Address": {
      "Address": "3rd Floor, Local Shopping Complex, 18 - A, Wing F, Ring Rd, above LIC Office, A Block, Naraina Vihar, New Delhi, Delhi 110028",
      "City": "Delhi",
      "State": "Delhi",
      "Country": "India",
      "_id": "66d5a29935f4925d0d689443"
    },
    "Majestic_Site_Verification": "E7aEHvVQpWc8VHDqKvaB2Z58hek2EAv2HuLuegv7",
    "DMCA_Site_Verification": "E7aEHvVQpWc8VHDqKvaB2Z58hek2EAv2HuLuegv7",
    "Google_Site_Verification": "E7aEHvVQpWc8VHDqKvaB2Z58hek2EAv2HuLuegv7",
    "OG_Title": "Personal Loan Calculator - Estimate Your Loan EMIs | CredManager",
    "OG_Description": "  Quickly estimate your monthly payments with CredManager's Personal Loan Calculator. Get accurate EMI calculations for personal loans and plan your finances with ease.",
    "Domain": "https://credmanager.in/personal-loan-calculator",
    "Summary_Large_Image": "summary_large_image",
    "Page_Name": "personal-loan-calculator",
    "Visibility": "Public",
    "Visibility_Date": "2024-09-02T11:33:00.000Z",
    "Pages": [
      "Personal Loan Calculator"
    ],
    "isActive": true,
    "createdAt": "2024-08-24T05:06:42.226Z",
    "updatedAt": "2024-09-02T11:33:45.222Z",
    "__v": 0
  },
  {
    "_id": "66d59d2735f4925d0d689354",
    "U_URl_ID": "c016d7275084",
    "UserAgentID": "7b25bb06f1fb",
    "Title": "Effortless Tax Calculations | Use Our Online Tax Calculator",
    "Description": " Make tax season easier with our reliable Tax Calculator. Whether you're an individual or a small business owner, our tool offers quick and accurate calculations to help you plan and file your taxes with confidence. Experience hassle-free tax planning now!",
    "Keywords": [
      " Calculate Taxes Online , Tax Calculator, Tax Filing Help"
    ],
    "slug": "tax-calculator",
    "Subject": "Make tax season easier with our reliable Tax Calculator.",
    "Featured_Image": "FeaturedImage-1725275431110.png",
    "Copyright": "Copyrights © Rising Advisory Services Private Limited.",
    "Robots": "index,follow",
    "Author": "credmanager",
    "Geo_Position": "28.624143004160466, 77.13601964072026",
    "Address": {
      "Address": "3rd Floor, Local Shopping Complex, 18 - A, Wing F, Ring Rd, above LIC Office, A Block, Naraina Vihar, New Delhi, Delhi 110028",
      "City": "Delhi",
      "State": "Delhi",
      "Country": "India",
      "_id": "66d59d2735f4925d0d689355"
    },
    "Majestic_Site_Verification": "E7aEHvVQpWc8VHDqKvaB2Z58hek2EAv2HuLuegv7",
    "DMCA_Site_Verification": "E7aEHvVQpWc8VHDqKvaB2Z58hek2EAv2HuLuegv7",
    "Google_Site_Verification": "E7aEHvVQpWc8VHDqKvaB2Z58hek2EAv2HuLuegv7",
    "OG_Title": "Effortless Tax Calculations | Use Our Online Tax Calculator",
    "OG_Description": "  Make tax season easier with our reliable Tax Calculator. Whether you're an individual or a small business owner, our tool offers quick and accurate calculations to help you plan and file your taxes with confidence. Experience hassle-free tax planning now!",
    "Domain": "https://credmanager.in/tax-calculator",
    "Summary_Large_Image": "summary_large_image",
    "Page_Name": "tax-calculator",
    "Visibility": "Public",
    "Visibility_Date": "2024-09-02T11:06:00.000Z",
    "Pages": [
      "Tax Calculator"
    ],
    "isActive": true,
    "createdAt": "2024-09-02T11:10:31.117Z",
    "updatedAt": "2024-09-02T11:10:31.117Z",
    "__v": 0
  },
  {
    "_id": "66d59e0635f4925d0d689360",
    "U_URl_ID": "84003f8b5401",
    "UserAgentID": "3033891504f7",
    "Title": "Tax Help & Support | Contact Our Team",
    "Description": " Need help with your taxes? Contact our team of tax experts for personalized assistance and advice.",
    "Keywords": [
      " Tax Contact\r\nTax Assistance\r\nTax Support"
    ],
    "slug": "contact",
    "Subject": "Tax Help & Support | Contact Our Team",
    "Featured_Image": "FeaturedImage-1725275654632.png",
    "Copyright": "Copyrights © Rising Advisory Services Private Limited.",
    "Robots": "index,follow",
    "Author": "credmanager",
    "Geo_Position": "28.624143004160466, 77.13601964072026",
    "Address": {
      "Address": "3rd Floor, Local Shopping Complex, 18 - A, Wing F, Ring Rd, above LIC Office, A Block, Naraina Vihar, New Delhi, Delhi 110028",
      "City": "Delhi",
      "State": "Delhi",
      "Country": "India",
      "_id": "66d59e0635f4925d0d689361"
    },
    "Majestic_Site_Verification": "",
    "DMCA_Site_Verification": "E7aEHvVQpWc8VHDqKvaB2Z58hek2EAv2HuLuegv7",
    "Google_Site_Verification": "E7aEHvVQpWc8VHDqKvaB2Z58hek2EAv2HuLuegv7",
    "OG_Title": "Reach Out for Tax Advice | Contact Us Today",
    "OG_Description": " Have tax-related questions or need expert advice? Our tax specialists are available to help you navigate your tax challenges. ",
    "Domain": "https://credmanager.in/contact",
    "Summary_Large_Image": "summary_large_image",
    "Page_Name": "contact",
    "Visibility": "Public",
    "Visibility_Date": "2024-09-02T11:10:00.000Z",
    "Pages": [
      "Contact"
    ],
    "isActive": true,
    "createdAt": "2024-09-02T11:14:14.638Z",
    "updatedAt": "2024-09-02T11:14:14.638Z",
    "__v": 0
  },
  {
    "_id": "66d59fa935f4925d0d689377",
    "U_URl_ID": "edeb01ce8341",
    "UserAgentID": "67baca7ea3ba",
    "Title": "CredManager: Simplify Your Credit Management Today Demoi Set",
    "Description": " Welcome to CredManager, your go-to solution for seamless credit management. Our platform offers powerful tools for tracking your credit score, monitoring your credit report, and managing your financial health. ",
    "Keywords": [
      "  Credit Management, Credit Score Tracking,Credit Monitoring,Financial Health Too "
    ],
    "slug": "home",
    "Subject": "CredManager is dedicated to making credit management effortless",
    "Featured_Image": "FeaturedImage-1725277798139.png",
    "Copyright": "Copyrights © Rising Advisory Services Private Limited.",
    "Robots": "index,follow",
    "Author": "credmanager",
    "Geo_Position": "28.624143004160466, 77.13601964072026",
    "Address": {
      "Address": "",
      "City": "",
      "State": "",
      "Country": "",
      "_id": "66d5a66635f4925d0d689453"
    },
    "Majestic_Site_Verification": "E7aEHvVQpWc8VHDqKvaB2Z58hek2EAv2HuLuegv7",
    "DMCA_Site_Verification": "E7aEHvVQpWc8VHDqKvaB2Z58hek2EAv2HuLuegv7",
    "Google_Site_Verification": "E7aEHvVQpWc8VHDqKvaB2Z58hek2EAv2HuLuegv7",
    "OG_Title": "CredManager provides a comprehensive solution for managing your credit. ",
    "OG_Description": " CredManager provides a comprehensive solution for managing your credit. Our user-friendly platform allows you to monitor your credit score, manage payments, and gain valuable insights into your credit health. ",
    "Domain": "https://credmanager.in/home",
    "Summary_Large_Image": "summary_large_image",
    "Page_Name": "home",
    "Visibility": "Public",
    "Visibility_Date": "2024-09-02T11:49:00.000Z",
    "Pages": [
      "Home"
    ],
    "isActive": true,
    "createdAt": "2024-09-02T11:21:13.175Z",
    "updatedAt": "2024-09-02T11:49:58.156Z",
    "__v": 0
  },
  {
    "_id": "66d6daa3a934315b16599368",
    "U_URl_ID": "107be502e036",
    "UserAgentID": "83c4edda6166",
    "Title": " Importance of Gross Income in the process of Loans",
    "Description": "While applying for a personal loan, your gross income holds significant importance. Let us understand why a strong gross income is crucial for loan approval and favourable terms.",
    "Keywords": [
      "Personal Loan Approval , loan approval , loan approval process , lower interest rates , "
    ],
    "slug": "blogs",
    "Subject": "Still Confused about New and Old Tax Regimes?",
    "Featured_Image": "FeaturedImage-1725363461366.png",
    "Copyright": "Copyrights © Rising Advisory Services Private Limited.",
    "Robots": "index,follow",
    "Author": "credmanager",
    "Geo_Position": "28.624143004160466, 77.13601964072026",
    "Address": {
      "Address": "3rd Floor, Local Shopping Complex, 18 - A, Wing F, Ring Rd, above LIC Office, A Block, Naraina Vihar, New Delhi, Delhi 110028",
      "City": "New Delhi",
      "State": "Delhi",
      "Country": "India",
      "_id": "66d6f505bec5beb04e8e2a80"
    },
    "Majestic_Site_Verification": "E7aEHvVQpWc8VHDqKvaB2Z58hek2EAv2HuLuegv7",
    "DMCA_Site_Verification": "E7aEHvVQpWc8VHDqKvaB2Z58hek2EAv2HuLuegv7",
    "Google_Site_Verification": "E7aEHvVQpWc8VHDqKvaB2Z58hek2EAv2HuLuegv7",
    "OG_Title": " Importance of Gross Income in the process of Loans",
    "OG_Description": "While applying for a personal loan, your gross income holds significant importance. Let us understand why a strong gross income is crucial for loan approval and favourable terms.",
    "Domain": "https://crm.credmanager.in/blogs",
    "Summary_Large_Image": "summary_large_image",
    "Page_Name": "blogs",
    "Visibility": "Public",
    "Visibility_Date": "2024-09-03T11:30:00.000Z",
    "Pages": [
      "Blogs"
    ],
    "isActive": true,
    "createdAt": "2024-09-03T09:45:07.201Z",
    "updatedAt": "2024-09-03T11:37:41.372Z",
    "__v": 0
  },
  {
    "_id": "66d7e6c942a2a331cd29067c",
    "U_URl_ID": "9d5bd2d211fb",
    "UserAgentID": "903f5dec23e1",
    "Title": " How to apply for business loans?",
    "Description": " In the labyrinth of business endeavours, financial sustenance serves as the compass guiding every entrepreneur toward success.  deepa maam",
    "Keywords": [
      " Business loan application tips , Business Funding Options , Business Loan Requirements , Business credit "
    ],
    "slug": "how-to-apply-for-business-loans?",
    "Subject": "How to apply for business loans?",
    "Featured_Image": "FeaturedImage-1725607708033.png",
    "Copyright": "Copyrights © Rising Advisory Services Private Limited.",
    "Robots": "index,follow",
    "Author": "credmanager",
    "Geo_Position": "28.624143004160466, 77.13601964072026",
    "Address": {
      "Address": "3rd Floor, Local Shopping Complex, 18 - A, Wing F, Ring Rd, above LIC Office, A Block, Naraina Vihar, New Delhi, Delhi 110028",
      "City": "Delhi",
      "State": "Delhi",
      "Country": "India",
      "_id": "66daaf1ca54c5945fc413ee5"
    },
    "Majestic_Site_Verification": "E7aEHvVQpWc8VHDqKvaB2Z58hek2EAv2HuLuegv7",
    "DMCA_Site_Verification": "E7aEHvVQpWc8VHDqKvaB2Z58hek2EAv2HuLuegv7",
    "Google_Site_Verification": "E7aEHvVQpWc8VHDqKvaB2Z58hek2EAv2HuLuegv7",
    "OG_Title": "Get the Best Business Loan to Fuel Your Growth",
    "OG_Description": " Explore our tailored business loan solutions designed to help you expand, manage cash flow, and achieve your goals. Apply easily and get the funding you need to drive your business forward.",
    "Domain": "https://credmanager.in/how-to-apply-for-business-loans?",
    "Summary_Large_Image": "summary_large_image",
    "Page_Name": "how-to-apply-for-business-loans?",
    "Visibility": "Public",
    "Visibility_Date": "2024-09-06T07:25:00.000Z",
    "Pages": [
      "How to apply for business loans?"
    ],
    "isActive": true,
    "createdAt": "2024-09-04T04:49:13.849Z",
    "updatedAt": "2024-09-06T07:28:28.036Z",
    "__v": 0
  },
  {
    "_id": "66d7e80742a2a331cd290715",
    "U_URl_ID": "9e241fcf2ab7",
    "UserAgentID": "809f3f6c80d1",
    "Title": "Importance of Gross Income in the process of Loans",
    "Description": " While applying for a personal loan, your gross income holds significant importance. Let us understand why a strong gross income is crucial for loan approval and favourable terms.",
    "Keywords": [
      " Gross income , Gross income importance , Income and loans , Income verification"
    ],
    "slug": "importance-of-gross-income-in-the-process-of-loans",
    "Subject": "Importance of Gross Income in the process of Loans",
    "Featured_Image": "FeaturedImage-1725425671490.jpg",
    "Copyright": "Copyrights © Rising Advisory Services Private Limited.",
    "Robots": "index,follow",
    "Author": "credmanager",
    "Geo_Position": "28.624143004160466, 77.13601964072026",
    "Address": {
      "Address": "3rd Floor, Local Shopping Complex, 18 - A, Wing F, Ring Rd, above LIC Office, A Block, Naraina Vihar, New Delhi, Delhi 110028",
      "City": "Delhi",
      "State": "Delhi",
      "Country": "India",
      "_id": "66d7e80742a2a331cd290716"
    },
    "Majestic_Site_Verification": "E7aEHvVQpWc8VHDqKvaB2Z58hek2EAv2HuLuegv7",
    "DMCA_Site_Verification": "E7aEHvVQpWc8VHDqKvaB2Z58hek2EAv2HuLuegv7",
    "Google_Site_Verification": "E7aEHvVQpWc8VHDqKvaB2Z58hek2EAv2HuLuegv7",
    "OG_Title": "Why Gross Income Matters in Loan Applications",
    "OG_Description": " Understand the critical role of gross income in securing loans and improving approval chances.",
    "Domain": "https://credmanager.in/",
    "Summary_Large_Image": "summary_large_image",
    "Page_Name": "importance-of-gross-income-in-the-process-of-loans",
    "Visibility": "Public",
    "Visibility_Date": "2024-09-04T04:49:00.000Z",
    "Pages": [
      "Importance of Gross Income in the process of Loans"
    ],
    "isActive": true,
    "createdAt": "2024-09-04T04:54:31.493Z",
    "updatedAt": "2024-09-04T04:54:31.493Z",
    "__v": 0
  },
  {
    "_id": "66d7e99bc499fe10f286d105",
    "U_URl_ID": "4b2bf034e678",
    "UserAgentID": "087619c8ee76",
    "Title": "Importance of Loan Repayments on Time",
    "Description": " Loan repayment is the process of returning borrowed funds to the lender according to predetermined terms and conditions",
    "Keywords": [
      " Timely loan payments , Repayment importance , Credit score impact , Loan management  , Debt repayment"
    ],
    "slug": "importance-of-loan-repayments-on-time",
    "Subject": "Why Timely Loan Repayments are Crucial for Your Financial Health",
    "Featured_Image": "FeaturedImage-1725426075245.jpg",
    "Copyright": "Copyrights © Rising Advisory Services Private Limited.",
    "Robots": "index,follow",
    "Author": "credmanager",
    "Geo_Position": "28.624143004160466, 77.13601964072026",
    "Address": {
      "Address": "3rd Floor, Local Shopping Complex, 18 - A, Wing F, Ring Rd, above LIC Office, A Block, Naraina Vihar, New Delhi, Delhi 110028",
      "City": "Delhi",
      "State": "Delhi",
      "Country": "India",
      "_id": "66d7e99bc499fe10f286d106"
    },
    "Majestic_Site_Verification": "E7aEHvVQpWc8VHDqKvaB2Z58hek2EAv2HuLuegv7",
    "DMCA_Site_Verification": "E7aEHvVQpWc8VHDqKvaB2Z58hek2EAv2HuLuegv7",
    "Google_Site_Verification": "E7aEHvVQpWc8VHDqKvaB2Z58hek2EAv2HuLuegv7",
    "OG_Title": "The Importance of Timely Loan Repayments\"",
    "OG_Description": " Learn why paying your loans on time is crucial for financial health and credit score.",
    "Domain": "https://credmanager.in/",
    "Summary_Large_Image": "summary_large_image",
    "Page_Name": "importance-of-loan-repayments-on-time",
    "Visibility": "Public",
    "Visibility_Date": "2024-09-04T04:54:00.000Z",
    "Pages": [
      "Importance of Loan Repayments on Time"
    ],
    "isActive": true,
    "createdAt": "2024-09-04T05:01:15.251Z",
    "updatedAt": "2024-09-04T05:01:15.251Z",
    "__v": 0
  },
  {
    "_id": "66d7eaccc499fe10f286d186",
    "U_URl_ID": "f284768984a3",
    "UserAgentID": "3720ca602091",
    "Title": " Are Personal Loans the road to success in the hurdles of life?",
    "Description": " A personal loan is a form of unsecured lending that gives borrowers access to funds without collateral",
    "Keywords": [
      " Credit options ,Loan terms , Personal loan advantages , Advantages of personal loans\r\n"
    ],
    "slug": "are-personal-loans-the-road-to-success-in-the-hurdles-of-life?",
    "Subject": "Discover How Personal Loans Can Benefit Your Financial Life",
    "Featured_Image": "FeaturedImage-1725426380209.jpg",
    "Copyright": "Copyrights © Rising Advisory Services Private Limited.",
    "Robots": "index,follow",
    "Author": "credmanager",
    "Geo_Position": "28.624143004160466, 77.13601964072026",
    "Address": {
      "Address": "3rd Floor, Local Shopping Complex, 18 - A, Wing F, Ring Rd, above LIC Office, A Block, Naraina Vihar, New Delhi, Delhi 110028",
      "City": "Delhi",
      "State": "Delhi",
      "Country": "India",
      "_id": "66d7eaccc499fe10f286d187"
    },
    "Majestic_Site_Verification": "E7aEHvVQpWc8VHDqKvaB2Z58hek2EAv2HuLuegv7",
    "DMCA_Site_Verification": "E7aEHvVQpWc8VHDqKvaB2Z58hek2EAv2HuLuegv7",
    "Google_Site_Verification": "E7aEHvVQpWc8VHDqKvaB2Z58hek2EAv2HuLuegv7",
    "OG_Title": " Personal Loans Beneficial? Find Out Here",
    "OG_Description": "Explore the advantages of personal loans and how they can benefit your financial situation.",
    "Domain": "credmanager.in",
    "Summary_Large_Image": "summary_large_image",
    "Page_Name": "are-personal-loans-the-road-to-success-in-the-hurdles-of-life?",
    "Visibility": "Public",
    "Visibility_Date": "2024-09-04T05:01:00.000Z",
    "Pages": [
      "Are Personal Loans the road to success in the hurdles of life?"
    ],
    "isActive": true,
    "createdAt": "2024-09-04T05:06:20.212Z",
    "updatedAt": "2024-09-04T05:06:20.212Z",
    "__v": 0
  }
]